glyph_index	text_code	char
0x0400	0x0200	가
0x0401	0x0201	각
0x0402	0x0202	간
0x0403	0x0203	갇
0x0404	0x0204	갈
0x0405	0x0205	갉
0x0406	0x0206	갊
0x0407	0x0207	감
0x0408	0x0208	갑
0x0409	0x0209	값
0x040a	0x020a	갓
0x040b	0x020b	갔
0x040c	0x020c	강
0x040d	0x020d	갖
0x040e	0x020e	갗
0x040f	0x020f	같
0x0410	0x0210	갚
0x0411	0x0211	갛
0x0412	0x0212	개
0x0413	0x0213	객
0x0414	0x0214	갠
0x0415	0x0215	갤
0x0416	0x0216	갬
0x0417	0x0217	갭
0x0418	0x0218	갯
0x0419	0x0219	갰
0x041a	0x021a	갱
0x041b	0x021b	갸
0x041c	0x021c	갹
0x041d	0x021d	갼
0x041e	0x021e	걀
0x041f	0x021f	걋
0x0420	0x0220	걍
0x0421	0x0221	걔
0x0422	0x0222	걘
0x0423	0x0223	걜
0x0424	0x0224	거
0x0425	0x0225	걱
0x0426	0x0226	건
0x0427	0x0227	걷
0x0428	0x0228	걸
0x0429	0x0229	걺
0x042a	0x022a	검
0x042b	0x022b	겁
0x042c	0x022c	것
0x042d	0x022d	겄
0x042e	0x022e	겅
0x042f	0x022f	겆
0x0430	0x0230	겉
0x0431	0x0231	겊
0x0432	0x0232	겋
0x0433	0x0233	게
0x0434	0x0234	겐
0x0435	0x0235	겔
0x0436	0x0236	겜
0x0437	0x0237	겝
0x0438	0x0238	겟
0x0439	0x0239	겠
0x043a	0x023a	겡
0x043b	0x023b	겨
0x043c	0x023c	격
0x043d	0x023d	겪
0x043e	0x023e	견
0x043f	0x023f	겯
0x0440	0x0240	결
0x0441	0x0241	겸
0x0442	0x0242	겹
0x0443	0x0243	겻
0x0444	0x0244	겼
0x0445	0x0245	경
0x0446	0x0246	곁
0x0447	0x0247	계
0x0448	0x0248	곈
0x0449	0x0249	곌
0x044a	0x024a	곕
0x044b	0x024b	곗
0x044c	0x024c	고
0x044d	0x024d	곡
0x044e	0x024e	곤
0x044f	0x024f	곧
0x0450	0x0250	골
0x0451	0x0251	곪
0x0452	0x0252	곬
0x0453	0x0253	곯
0x0454	0x0254	곰
0x0455	0x0255	곱
0x0456	0x0256	곳
0x0457	0x0257	공
0x0458	0x0258	곶
0x0459	0x0259	과
0x045a	0x025a	곽
0x045b	0x025b	관
0x045c	0x025c	괄
0x045d	0x025d	괆
0x045e	0x025e	괌
0x045f	0x025f	괍
0x0460	0x0260	괏
0x0461	0x0261	광
0x0462	0x0262	괘
0x0463	0x0263	괜
0x0464	0x0264	괠
0x0465	0x0265	괩
0x0466	0x0266	괬
0x0467	0x0267	괭
0x0468	0x0268	괴
0x0469	0x0269	괵
0x046a	0x026a	괸
0x046b	0x026b	괼
0x046c	0x026c	굄
0x046d	0x026d	굅
0x046e	0x026e	굇
0x046f	0x026f	굉
0x0470	0x0270	교
0x0471	0x0271	굔
0x0472	0x0272	굘
0x0473	0x0273	굡
0x0474	0x0274	굣
0x0475	0x0275	구
0x0476	0x0276	국
0x0477	0x0277	군
0x0478	0x0278	굳
0x0479	0x0279	굴
0x047a	0x027a	굵
0x047b	0x027b	굶
0x047c	0x027c	굻
0x047d	0x027d	굼
0x047e	0x027e	굽
0x047f	0x027f	굿
0x0480	0x0280	궁
0x0481	0x0281	궂
0x0482	0x0282	궈
0x0483	0x0283	궉
0x0484	0x0284	권
0x0485	0x0285	궐
0x0486	0x0286	궜
0x0487	0x0287	궝
0x0488	0x0288	궤
0x0489	0x0289	궷
0x048a	0x028a	귀
0x048b	0x028b	귁
0x048c	0x028c	귄
0x048d	0x028d	귈
0x048e	0x028e	귐
0x048f	0x028f	귑
0x0490	0x0290	귓
0x0491	0x0291	규
0x0492	0x0292	균
0x0493	0x0293	귤
0x0494	0x0294	그
0x0495	0x0295	극
0x0496	0x0296	근
0x0497	0x0297	귿
0x0498	0x0298	글
0x0499	0x0299	긁
0x049a	0x029a	금
0x049b	0x029b	급
0x049c	0x029c	긋
0x049d	0x029d	긍
0x049e	0x029e	긔
0x049f	0x029f	기
0x04a0	0x02a0	긱
0x04a1	0x02a1	긴
0x04a2	0x02a2	긷
0x04a3	0x02a3	길
0x04a4	0x02a4	긺
0x04a5	0x02a5	김
0x04a6	0x02a6	깁
0x04a7	0x02a7	깃
0x04a8	0x02a8	깅
0x04a9	0x02a9	깆
0x04aa	0x02aa	깊
0x04ab	0x02ab	까
0x04ac	0x02ac	깍
0x04ad	0x02ad	깎
0x04ae	0x02ae	깐
0x04af	0x02af	깔
0x04b0	0x02b0	깖
0x04b1	0x02b1	깜
0x04b2	0x02b2	깝
0x04b3	0x02b3	깟
0x04b4	0x02b4	깠
0x04b5	0x02b5	깡
0x04b6	0x02b6	깥
0x04b7	0x02b7	깨
0x04b8	0x02b8	깩
0x04b9	0x02b9	깬
0x04ba	0x02ba	깰
0x04bb	0x02bb	깸
0x04bc	0x02bc	깹
0x04bd	0x02bd	깻
0x04be	0x02be	깼
0x04bf	0x02bf	깽
0x04c0	0x02c0	꺄
0x04c1	0x02c1	꺅
0x04c2	0x02c2	꺌
0x04c3	0x02c3	꺼
0x04c4	0x02c4	꺽
0x04c5	0x02c5	꺾
0x04c6	0x02c6	껀
0x04c7	0x02c7	껄
0x04c8	0x02c8	껌
0x04c9	0x02c9	껍
0x04ca	0x02ca	껏
0x04cb	0x02cb	껐
0x04cc	0x02cc	껑
0x04cd	0x02cd	께
0x04ce	0x02ce	껙
0x04cf	0x02cf	껜
0x04d0	0x02d0	껨
0x04d1	0x02d1	껫
0x04d2	0x02d2	껭
0x04d3	0x02d3	껴
0x04d4	0x02d4	껸
0x04d5	0x02d5	껼
0x04d6	0x02d6	꼇
0x04d7	0x02d7	꼈
0x04d8	0x02d8	꼍
0x04d9	0x02d9	꼐
0x04da	0x02da	꼬
0x04db	0x02db	꼭
0x04dc	0x02dc	꼰
0x04dd	0x02dd	꼲
0x04de	0x02de	꼴
0x04df	0x02df	꼼
0x04e0	0x02e0	꼽
0x04e1	0x02e1	꼿
0x04e2	0x02e2	꽁
0x04e3	0x02e3	꽂
0x04e4	0x02e4	꽃
0x04e5	0x02e5	꽈
0x04e6	0x02e6	꽉
0x04e7	0x02e7	꽐
0x04e8	0x02e8	꽜
0x04e9	0x02e9	꽝
0x04ea	0x02ea	꽤
0x04eb	0x02eb	꽥
0x04ec	0x02ec	꽹
0x04ed	0x02ed	꾀
0x04ee	0x02ee	꾄
0x04ef	0x02ef	꾈
0x04f0	0x02f0	꾐
0x04f1	0x02f1	꾑
0x04f2	0x02f2	꾕
0x04f3	0x02f3	꾜
0x04f4	0x02f4	꾸
0x04f5	0x02f5	꾹
0x04f6	0x02f6	꾼
0x04f7	0x02f7	꿀
0x04f8	0x02f8	꿇
0x04f9	0x02f9	꿈
0x04fa	0x02fa	꿉
0x04fb	0x02fb	꿋
0x04fc	0x02fc	꿍
0x04fd	0x02fd	꿎
0x04fe	0x02fe	꿔
0x04ff	0x02ff	꿜
0x0500	0x0300	꿨
0x0501	0x0301	꿩
0x0502	0x0302	꿰
0x0503	0x0303	꿱
0x0504	0x0304	꿴
0x0505	0x0305	꿸
0x0506	0x0306	뀀
0x0507	0x0307	뀁
0x0508	0x0308	뀄
0x0509	0x0309	뀌
0x050a	0x030a	뀐
0x050b	0x030b	뀔
0x050c	0x030c	뀜
0x050d	0x030d	뀝
0x050e	0x030e	뀨
0x050f	0x030f	끄
0x0510	0x0310	끅
0x0511	0x0311	끈
0x0512	0x0312	끊
0x0513	0x0313	끌
0x0514	0x0314	끎
0x0515	0x0315	끓
0x0516	0x0316	끔
0x0517	0x0317	끕
0x0518	0x0318	끗
0x0519	0x0319	끙
0x051a	0x031a	끝
0x051b	0x031b	끼
0x051c	0x031c	끽
0x051d	0x031d	낀
0x051e	0x031e	낄
0x051f	0x031f	낌
0x0520	0x0320	낍
0x0521	0x0321	낏
0x0522	0x0322	낑
0x0523	0x0323	나
0x0524	0x0324	낙
0x0525	0x0325	낚
0x0526	0x0326	난
0x0527	0x0327	낟
0x0528	0x0328	날
0x0529	0x0329	낡
0x052a	0x032a	낢
0x052b	0x032b	남
0x052c	0x032c	납
0x052d	0x032d	낫
0x052e	0x032e	났
0x052f	0x032f	낭
0x0530	0x0330	낮
0x0531	0x0331	낯
0x0532	0x0332	낱
0x0533	0x0333	낳
0x0534	0x0334	내
0x0535	0x0335	낵
0x0536	0x0336	낸
0x0537	0x0337	낼
0x0538	0x0338	냄
0x0539	0x0339	냅
0x053a	0x033a	냇
0x053b	0x033b	냈
0x053c	0x033c	냉
0x053d	0x033d	냐
0x053e	0x033e	냑
0x053f	0x033f	냔
0x0540	0x0340	냘
0x0541	0x0341	냠
0x0542	0x0342	냥
0x0543	0x0343	너
0x0544	0x0344	넉
0x0545	0x0345	넋
0x0546	0x0346	넌
0x0547	0x0347	널
0x0548	0x0348	넒
0x0549	0x0349	넓
0x054a	0x034a	넘
0x054b	0x034b	넙
0x054c	0x034c	넛
0x054d	0x034d	넜
0x054e	0x034e	넝
0x054f	0x034f	넣
0x0550	0x0350	네
0x0551	0x0351	넥
0x0552	0x0352	넨
0x0553	0x0353	넬
0x0554	0x0354	넴
0x0555	0x0355	넵
0x0556	0x0356	넷
0x0557	0x0357	넸
0x0558	0x0358	넹
0x0559	0x0359	녀
0x055a	0x035a	녁
0x055b	0x035b	년
0x055c	0x035c	녈
0x055d	0x035d	념
0x055e	0x035e	녑
0x055f	0x035f	녔
0x0560	0x0360	녕
0x0561	0x0361	녘
0x0562	0x0362	녜
0x0563	0x0363	녠
0x0564	0x0364	노
0x0565	0x0365	녹
0x0566	0x0366	논
0x0567	0x0367	놀
0x0568	0x0368	놂
0x0569	0x0369	놈
0x056a	0x036a	놉
0x056b	0x036b	놋
0x056c	0x036c	농
0x056d	0x036d	높
0x056e	0x036e	놓
0x056f	0x036f	놔
0x0570	0x0370	놘
0x0571	0x0371	놜
0x0572	0x0372	놨
0x0573	0x0373	뇌
0x0574	0x0374	뇐
0x0575	0x0375	뇔
0x0576	0x0376	뇜
0x0577	0x0377	뇝
0x0578	0x0378	뇟
0x0579	0x0379	뇨
0x057a	0x037a	뇩
0x057b	0x037b	뇬
0x057c	0x037c	뇰
0x057d	0x037d	뇹
0x057e	0x037e	뇻
0x057f	0x037f	뇽
0x0580	0x0380	누
0x0581	0x0381	눅
0x0582	0x0382	눈
0x0583	0x0383	눋
0x0584	0x0384	눌
0x0585	0x0385	눔
0x0586	0x0386	눕
0x0587	0x0387	눗
0x0588	0x0388	눙
0x0589	0x0389	눠
0x058a	0x038a	눴
0x058b	0x038b	눼
0x058c	0x038c	뉘
0x058d	0x038d	뉜
0x058e	0x038e	뉠
0x058f	0x038f	뉨
0x0590	0x0390	뉩
0x0591	0x0391	뉴
0x0592	0x0392	뉵
0x0593	0x0393	뉼
0x0594	0x0394	늄
0x0595	0x0395	늅
0x0596	0x0396	늉
0x0597	0x0397	느
0x0598	0x0398	늑
0x0599	0x0399	는
0x059a	0x039a	늘
0x059b	0x039b	늙
0x059c	0x039c	늚
0x059d	0x039d	늠
0x059e	0x039e	늡
0x059f	0x039f	늣
0x05a0	0x03a0	능
0x05a1	0x03a1	늦
0x05a2	0x03a2	늪
0x05a3	0x03a3	늬
0x05a4	0x03a4	늰
0x05a5	0x03a5	늴
0x05a6	0x03a6	니
0x05a7	0x03a7	닉
0x05a8	0x03a8	닌
0x05a9	0x03a9	닐
0x05aa	0x03aa	닒
0x05ab	0x03ab	님
0x05ac	0x03ac	닙
0x05ad	0x03ad	닛
0x05ae	0x03ae	닝
0x05af	0x03af	닢
0x05b0	0x03b0	다
0x05b1	0x03b1	닥
0x05b2	0x03b2	닦
0x05b3	0x03b3	단
0x05b4	0x03b4	닫
0x05b5	0x03b5	달
0x05b6	0x03b6	닭
0x05b7	0x03b7	닮
0x05b8	0x03b8	닯
0x05b9	0x03b9	닳
0x05ba	0x03ba	담
0x05bb	0x03bb	답
0x05bc	0x03bc	닷
0x05bd	0x03bd	닸
0x05be	0x03be	당
0x05bf	0x03bf	닺
0x05c0	0x03c0	닻
0x05c1	0x03c1	닿
0x05c2	0x03c2	대
0x05c3	0x03c3	댁
0x05c4	0x03c4	댄
0x05c5	0x03c5	댈
0x05c6	0x03c6	댐
0x05c7	0x03c7	댑
0x05c8	0x03c8	댓
0x05c9	0x03c9	댔
0x05ca	0x03ca	댕
0x05cb	0x03cb	댜
0x05cc	0x03cc	더
0x05cd	0x03cd	덕
0x05ce	0x03ce	덖
0x05cf	0x03cf	던
0x05d0	0x03d0	덛
0x05d1	0x03d1	덜
0x05d2	0x03d2	덞
0x05d3	0x03d3	덟
0x05d4	0x03d4	덤
0x05d5	0x03d5	덥
0x05d6	0x03d6	덧
0x05d7	0x03d7	덩
0x05d8	0x03d8	덫
0x05d9	0x03d9	덮
0x05da	0x03da	데
0x05db	0x03db	덱
0x05dc	0x03dc	덴
0x05dd	0x03dd	델
0x05de	0x03de	뎀
0x05df	0x03df	뎁
0x05e0	0x03e0	뎃
0x05e1	0x03e1	뎄
0x05e2	0x03e2	뎅
0x05e3	0x03e3	뎌
0x05e4	0x03e4	뎐
0x05e5	0x03e5	뎔
0x05e6	0x03e6	뎠
0x05e7	0x03e7	뎡
0x05e8	0x03e8	뎨
0x05e9	0x03e9	뎬
0x05ea	0x03ea	도
0x05eb	0x03eb	독
0x05ec	0x03ec	돈
0x05ed	0x03ed	돋
0x05ee	0x03ee	돌
0x05ef	0x03ef	돎
0x05f0	0x03f0	돐
0x05f1	0x03f1	돔
0x05f2	0x03f2	돕
0x05f3	0x03f3	돗
0x05f4	0x03f4	동
0x05f5	0x03f5	돛
0x05f6	0x03f6	돝
0x05f7	0x03f7	돠
0x05f8	0x03f8	돤
0x05f9	0x03f9	돨
0x05fa	0x03fa	돼
0x05fb	0x03fb	됐
0x05fc	0x03fc	되
0x05fd	0x03fd	된
0x05fe	0x03fe	될
0x05ff	0x03ff	됨
0x0600	0x0400	됩
0x0601	0x0401	됫
0x0602	0x0402	됴
0x0603	0x0403	두
0x0604	0x0404	둑
0x0605	0x0405	둔
0x0606	0x0406	둘
0x0607	0x0407	둠
0x0608	0x0408	둡
0x0609	0x0409	둣
0x060a	0x040a	둥
0x060b	0x040b	둬
0x060c	0x040c	뒀
0x060d	0x040d	뒈
0x060e	0x040e	뒝
0x060f	0x040f	뒤
0x0610	0x0410	뒨
0x0611	0x0411	뒬
0x0612	0x0412	뒵
0x0613	0x0413	뒷
0x0614	0x0414	뒹
0x0615	0x0415	듀
0x0616	0x0416	듄
0x0617	0x0417	듈
0x0618	0x0418	듐
0x0619	0x0419	듕
0x061a	0x041a	드
0x061b	0x041b	득
0x061c	0x041c	든
0x061d	0x041d	듣
0x061e	0x041e	들
0x061f	0x041f	듦
0x0620	0x0420	듬
0x0621	0x0421	듭
0x0622	0x0422	듯
0x0623	0x0423	등
0x0624	0x0424	듸
0x0625	0x0425	디
0x0626	0x0426	딕
0x0627	0x0427	딘
0x0628	0x0428	딛
0x0629	0x0429	딜
0x062a	0x042a	딤
0x062b	0x042b	딥
0x062c	0x042c	딧
0x062d	0x042d	딨
0x062e	0x042e	딩
0x062f	0x042f	딪
0x0630	0x0430	따
0x0631	0x0431	딱
0x0632	0x0432	딴
0x0633	0x0433	딸
0x0634	0x0434	땀
0x0635	0x0435	땁
0x0636	0x0436	땃
0x0637	0x0437	땄
0x0638	0x0438	땅
0x0639	0x0439	땋
0x063a	0x043a	때
0x063b	0x043b	땍
0x063c	0x043c	땐
0x063d	0x043d	땔
0x063e	0x043e	땜
0x063f	0x043f	땝
0x0640	0x0440	땟
0x0641	0x0441	땠
0x0642	0x0442	땡
0x0643	0x0443	떠
0x0644	0x0444	떡
0x0645	0x0445	떤
0x0646	0x0446	떨
0x0647	0x0447	떪
0x0648	0x0448	떫
0x0649	0x0449	떰
0x064a	0x044a	떱
0x064b	0x044b	떳
0x064c	0x044c	떴
0x064d	0x044d	떵
0x064e	0x044e	떻
0x064f	0x044f	떼
0x0650	0x0450	떽
0x0651	0x0451	뗀
0x0652	0x0452	뗄
0x0653	0x0453	뗌
0x0654	0x0454	뗍
0x0655	0x0455	뗏
0x0656	0x0456	뗐
0x0657	0x0457	뗑
0x0658	0x0458	뗘
0x0659	0x0459	뗬
0x065a	0x045a	또
0x065b	0x045b	똑
0x065c	0x045c	똔
0x065d	0x045d	똘
0x065e	0x045e	똥
0x065f	0x045f	똬
0x0660	0x0460	똴
0x0661	0x0461	뙈
0x0662	0x0462	뙤
0x0663	0x0463	뙨
0x0664	0x0464	뚜
0x0665	0x0465	뚝
0x0666	0x0466	뚠
0x0667	0x0467	뚤
0x0668	0x0468	뚫
0x0669	0x0469	뚬
0x066a	0x046a	뚱
0x066b	0x046b	뛔
0x066c	0x046c	뛰
0x066d	0x046d	뛴
0x066e	0x046e	뛸
0x066f	0x046f	뜀
0x0670	0x0470	뜁
0x0671	0x0471	뜅
0x0672	0x0472	뜨
0x0673	0x0473	뜩
0x0674	0x0474	뜬
0x0675	0x0475	뜯
0x0676	0x0476	뜰
0x0677	0x0477	뜸
0x0678	0x0478	뜹
0x0679	0x0479	뜻
0x067a	0x047a	띄
0x067b	0x047b	띈
0x067c	0x047c	띌
0x067d	0x047d	띔
0x067e	0x047e	띕
0x067f	0x047f	띠
0x0680	0x0480	띤
0x0681	0x0481	띨
0x0682	0x0482	띰
0x0683	0x0483	띱
0x0684	0x0484	띳
0x0685	0x0485	띵
0x0686	0x0486	라
0x0687	0x0487	락
0x0688	0x0488	란
0x0689	0x0489	랄
0x068a	0x048a	람
0x068b	0x048b	랍
0x068c	0x048c	랏
0x068d	0x048d	랐
0x068e	0x048e	랑
0x068f	0x048f	랒
0x0690	0x0490	랖
0x0691	0x0491	랗
0x0692	0x0492	래
0x0693	0x0493	랙
0x0694	0x0494	랜
0x0695	0x0495	랠
0x0696	0x0496	램
0x0697	0x0497	랩
0x0698	0x0498	랫
0x0699	0x0499	랬
0x069a	0x049a	랭
0x069b	0x049b	랴
0x069c	0x049c	략
0x069d	0x049d	랸
0x069e	0x049e	럇
0x069f	0x049f	량
0x06a0	0x04a0	러
0x06a1	0x04a1	럭
0x06a2	0x04a2	런
0x06a3	0x04a3	럴
0x06a4	0x04a4	럼
0x06a5	0x04a5	럽
0x06a6	0x04a6	럿
0x06a7	0x04a7	렀
0x06a8	0x04a8	렁
0x06a9	0x04a9	렇
0x06aa	0x04aa	레
0x06ab	0x04ab	렉
0x06ac	0x04ac	렌
0x06ad	0x04ad	렐
0x06ae	0x04ae	렘
0x06af	0x04af	렙
0x06b0	0x04b0	렛
0x06b1	0x04b1	렝
0x06b2	0x04b2	려
0x06b3	0x04b3	력
0x06b4	0x04b4	련
0x06b5	0x04b5	렬
0x06b6	0x04b6	렴
0x06b7	0x04b7	렵
0x06b8	0x04b8	렷
0x06b9	0x04b9	렸
0x06ba	0x04ba	령
0x06bb	0x04bb	례
0x06bc	0x04bc	롄
0x06bd	0x04bd	롑
0x06be	0x04be	롓
0x06bf	0x04bf	로
0x06c0	0x04c0	록
0x06c1	0x04c1	론
0x06c2	0x04c2	롤
0x06c3	0x04c3	롬
0x06c4	0x04c4	롭
0x06c5	0x04c5	롯
0x06c6	0x04c6	롱
0x06c7	0x04c7	롸
0x06c8	0x04c8	롼
0x06c9	0x04c9	뢍
0x06ca	0x04ca	뢨
0x06cb	0x04cb	뢰
0x06cc	0x04cc	뢴
0x06cd	0x04cd	뢸
0x06ce	0x04ce	룀
0x06cf	0x04cf	룁
0x06d0	0x04d0	룃
0x06d1	0x04d1	룅
0x06d2	0x04d2	료
0x06d3	0x04d3	룐
0x06d4	0x04d4	룔
0x06d5	0x04d5	룝
0x06d6	0x04d6	룟
0x06d7	0x04d7	룡
0x06d8	0x04d8	루
0x06d9	0x04d9	룩
0x06da	0x04da	룬
0x06db	0x04db	룰
0x06dc	0x04dc	룸
0x06dd	0x04dd	룹
0x06de	0x04de	룻
0x06df	0x04df	룽
0x06e0	0x04e0	뤄
0x06e1	0x04e1	뤘
0x06e2	0x04e2	뤠
0x06e3	0x04e3	뤼
0x06e4	0x04e4	뤽
0x06e5	0x04e5	륀
0x06e6	0x04e6	륄
0x06e7	0x04e7	륌
0x06e8	0x04e8	륏
0x06e9	0x04e9	륑
0x06ea	0x04ea	류
0x06eb	0x04eb	륙
0x06ec	0x04ec	륜
0x06ed	0x04ed	률
0x06ee	0x04ee	륨
0x06ef	0x04ef	륩
0x06f0	0x04f0	륫
0x06f1	0x04f1	륭
0x06f2	0x04f2	르
0x06f3	0x04f3	륵
0x06f4	0x04f4	른
0x06f5	0x04f5	를
0x06f6	0x04f6	름
0x06f7	0x04f7	릅
0x06f8	0x04f8	릇
0x06f9	0x04f9	릉
0x06fa	0x04fa	릊
0x06fb	0x04fb	릍
0x06fc	0x04fc	릎
0x06fd	0x04fd	리
0x06fe	0x04fe	릭
0x06ff	0x04ff	린
0x0700	0x0500	릴
0x0701	0x0501	림
0x0702	0x0502	립
0x0703	0x0503	릿
0x0704	0x0504	링
0x0705	0x0505	마
0x0706	0x0506	막
0x0707	0x0507	만
0x0708	0x0508	많
0x0709	0x0509	맏
0x070a	0x050a	말
0x070b	0x050b	맑
0x070c	0x050c	맒
0x070d	0x050d	맘
0x070e	0x050e	맙
0x070f	0x050f	맛
0x0710	0x0510	망
0x0711	0x0511	맞
0x0712	0x0512	맡
0x0713	0x0513	맣
0x0714	0x0514	매
0x0715	0x0515	맥
0x0716	0x0516	맨
0x0717	0x0517	맬
0x0718	0x0518	맴
0x0719	0x0519	맵
0x071a	0x051a	맷
0x071b	0x051b	맸
0x071c	0x051c	맹
0x071d	0x051d	맺
0x071e	0x051e	먀
0x071f	0x051f	먁
0x0720	0x0520	먈
0x0721	0x0521	먕
0x0722	0x0522	머
0x0723	0x0523	먹
0x0724	0x0524	먼
0x0725	0x0525	멀
0x0726	0x0526	멂
0x0727	0x0527	멈
0x0728	0x0528	멉
0x0729	0x0529	멋
0x072a	0x052a	멍
0x072b	0x052b	멎
0x072c	0x052c	멓
0x072d	0x052d	메
0x072e	0x052e	멕
0x072f	0x052f	멘
0x0730	0x0530	멜
0x0731	0x0531	멤
0x0732	0x0532	멥
0x0733	0x0533	멧
0x0734	0x0534	멨
0x0735	0x0535	멩
0x0736	0x0536	며
0x0737	0x0537	멱
0x0738	0x0538	면
0x0739	0x0539	멸
0x073a	0x053a	몃
0x073b	0x053b	몄
0x073c	0x053c	명
0x073d	0x053d	몇
0x073e	0x053e	몌
0x073f	0x053f	모
0x0740	0x0540	목
0x0741	0x0541	몫
0x0742	0x0542	몬
0x0743	0x0543	몰
0x0744	0x0544	몲
0x0745	0x0545	몸
0x0746	0x0546	몹
0x0747	0x0547	못
0x0748	0x0548	몽
0x0749	0x0549	뫄
0x074a	0x054a	뫈
0x074b	0x054b	뫘
0x074c	0x054c	뫙
0x074d	0x054d	뫼
0x074e	0x054e	묀
0x074f	0x054f	묄
0x0750	0x0550	묍
0x0751	0x0551	묏
0x0752	0x0552	묑
0x0753	0x0553	묘
0x0754	0x0554	묜
0x0755	0x0555	묠
0x0756	0x0556	묩
0x0757	0x0557	묫
0x0758	0x0558	무
0x0759	0x0559	묵
0x075a	0x055a	묶
0x075b	0x055b	문
0x075c	0x055c	묻
0x075d	0x055d	물
0x075e	0x055e	묽
0x075f	0x055f	묾
0x0760	0x0560	뭄
0x0761	0x0561	뭅
0x0762	0x0562	뭇
0x0763	0x0563	뭉
0x0764	0x0564	뭍
0x0765	0x0565	뭏
0x0766	0x0566	뭐
0x0767	0x0567	뭔
0x0768	0x0568	뭘
0x0769	0x0569	뭡
0x076a	0x056a	뭣
0x076b	0x056b	뭬
0x076c	0x056c	뮈
0x076d	0x056d	뮌
0x076e	0x056e	뮐
0x076f	0x056f	뮤
0x0770	0x0570	뮨
0x0771	0x0571	뮬
0x0772	0x0572	뮴
0x0773	0x0573	뮷
0x0774	0x0574	므
0x0775	0x0575	믄
0x0776	0x0576	믈
0x0777	0x0577	믐
0x0778	0x0578	믓
0x0779	0x0579	미
0x077a	0x057a	믹
0x077b	0x057b	민
0x077c	0x057c	믿
0x077d	0x057d	밀
0x077e	0x057e	밂
0x077f	0x057f	밈
0x0780	0x0580	밉
0x0781	0x0581	밋
0x0782	0x0582	밌
0x0783	0x0583	밍
0x0784	0x0584	및
0x0785	0x0585	밑
0x0786	0x0586	바
0x0787	0x0587	박
0x0788	0x0588	밖
0x0789	0x0589	밗
0x078a	0x058a	반
0x078b	0x058b	받
0x078c	0x058c	발
0x078d	0x058d	밝
0x078e	0x058e	밞
0x078f	0x058f	밟
0x0790	0x0590	밤
0x0791	0x0591	밥
0x0792	0x0592	밧
0x0793	0x0593	방
0x0794	0x0594	밭
0x0795	0x0595	배
0x0796	0x0596	백
0x0797	0x0597	밴
0x0798	0x0598	밸
0x0799	0x0599	뱀
0x079a	0x059a	뱁
0x079b	0x059b	뱃
0x079c	0x059c	뱄
0x079d	0x059d	뱅
0x079e	0x059e	뱉
0x079f	0x059f	뱌
0x07a0	0x05a0	뱍
0x07a1	0x05a1	뱐
0x07a2	0x05a2	뱝
0x07a3	0x05a3	버
0x07a4	0x05a4	벅
0x07a5	0x05a5	번
0x07a6	0x05a6	벋
0x07a7	0x05a7	벌
0x07a8	0x05a8	벎
0x07a9	0x05a9	범
0x07aa	0x05aa	법
0x07ab	0x05ab	벗
0x07ac	0x05ac	벙
0x07ad	0x05ad	벚
0x07ae	0x05ae	베
0x07af	0x05af	벡
0x07b0	0x05b0	벤
0x07b1	0x05b1	벧
0x07b2	0x05b2	벨
0x07b3	0x05b3	벰
0x07b4	0x05b4	벱
0x07b5	0x05b5	벳
0x07b6	0x05b6	벴
0x07b7	0x05b7	벵
0x07b8	0x05b8	벼
0x07b9	0x05b9	벽
0x07ba	0x05ba	변
0x07bb	0x05bb	별
0x07bc	0x05bc	볍
0x07bd	0x05bd	볏
0x07be	0x05be	볐
0x07bf	0x05bf	병
0x07c0	0x05c0	볕
0x07c1	0x05c1	볘
0x07c2	0x05c2	볜
0x07c3	0x05c3	보
0x07c4	0x05c4	복
0x07c5	0x05c5	볶
0x07c6	0x05c6	본
0x07c7	0x05c7	볼
0x07c8	0x05c8	봄
0x07c9	0x05c9	봅
0x07ca	0x05ca	봇
0x07cb	0x05cb	봉
0x07cc	0x05cc	봐
0x07cd	0x05cd	봔
0x07ce	0x05ce	봤
0x07cf	0x05cf	봬
0x07d0	0x05d0	뵀
0x07d1	0x05d1	뵈
0x07d2	0x05d2	뵉
0x07d3	0x05d3	뵌
0x07d4	0x05d4	뵐
0x07d5	0x05d5	뵘
0x07d6	0x05d6	뵙
0x07d7	0x05d7	뵤
0x07d8	0x05d8	뵨
0x07d9	0x05d9	부
0x07da	0x05da	북
0x07db	0x05db	분
0x07dc	0x05dc	붇
0x07dd	0x05dd	불
0x07de	0x05de	붉
0x07df	0x05df	붊
0x07e0	0x05e0	붐
0x07e1	0x05e1	붑
0x07e2	0x05e2	붓
0x07e3	0x05e3	붕
0x07e4	0x05e4	붙
0x07e5	0x05e5	붚
0x07e6	0x05e6	붜
0x07e7	0x05e7	붤
0x07e8	0x05e8	붰
0x07e9	0x05e9	붸
0x07ea	0x05ea	뷔
0x07eb	0x05eb	뷕
0x07ec	0x05ec	뷘
0x07ed	0x05ed	뷜
0x07ee	0x05ee	뷩
0x07ef	0x05ef	뷰
0x07f0	0x05f0	뷴
0x07f1	0x05f1	뷸
0x07f2	0x05f2	븀
0x07f3	0x05f3	븃
0x07f4	0x05f4	븅
0x07f5	0x05f5	브
0x07f6	0x05f6	븍
0x07f7	0x05f7	븐
0x07f8	0x05f8	블
0x07f9	0x05f9	븜
0x07fa	0x05fa	븝
0x07fb	0x05fb	븟
0x07fc	0x05fc	비
0x07fd	0x05fd	빅
0x07fe	0x05fe	빈
0x07ff	0x05ff	빌
0x0800	0x0600	빎
0x0801	0x0601	빔
0x0802	0x0602	빕
0x0803	0x0603	빗
0x0804	0x0604	빙
0x0805	0x0605	빚
0x0806	0x0606	빛
0x0807	0x0607	빠
0x0808	0x0608	빡
0x0809	0x0609	빤
0x080a	0x060a	빨
0x080b	0x060b	빪
0x080c	0x060c	빰
0x080d	0x060d	빱
0x080e	0x060e	빳
0x080f	0x060f	빴
0x0810	0x0610	빵
0x0811	0x0611	빻
0x0812	0x0612	빼
0x0813	0x0613	빽
0x0814	0x0614	뺀
0x0815	0x0615	뺄
0x0816	0x0616	뺌
0x0817	0x0617	뺍
0x0818	0x0618	뺏
0x0819	0x0619	뺐
0x081a	0x061a	뺑
0x081b	0x061b	뺘
0x081c	0x061c	뺙
0x081d	0x061d	뺨
0x081e	0x061e	뻐
0x081f	0x061f	뻑
0x0820	0x0620	뻔
0x0821	0x0621	뻗
0x0822	0x0622	뻘
0x0823	0x0623	뻠
0x0824	0x0624	뻣
0x0825	0x0625	뻤
0x0826	0x0626	뻥
0x0827	0x0627	뻬
0x0828	0x0628	뼁
0x0829	0x0629	뼈
0x082a	0x062a	뼉
0x082b	0x062b	뼘
0x082c	0x062c	뼙
0x082d	0x062d	뼛
0x082e	0x062e	뼜
0x082f	0x062f	뼝
0x0830	0x0630	뽀
0x0831	0x0631	뽁
0x0832	0x0632	뽄
0x0833	0x0633	뽈
0x0834	0x0634	뽐
0x0835	0x0635	뽑
0x0836	0x0636	뽕
0x0837	0x0637	뾔
0x0838	0x0638	뾰
0x0839	0x0639	뿅
0x083a	0x063a	뿌
0x083b	0x063b	뿍
0x083c	0x063c	뿐
0x083d	0x063d	뿔
0x083e	0x063e	뿜
0x083f	0x063f	뿟
0x0840	0x0640	뿡
0x0841	0x0641	쀼
0x0842	0x0642	쁑
0x0843	0x0643	쁘
0x0844	0x0644	쁜
0x0845	0x0645	쁠
0x0846	0x0646	쁨
0x0847	0x0647	쁩
0x0848	0x0648	삐
0x0849	0x0649	삑
0x084a	0x064a	삔
0x084b	0x064b	삘
0x084c	0x064c	삠
0x084d	0x064d	삡
0x084e	0x064e	삣
0x084f	0x064f	삥
0x0850	0x0650	사
0x0851	0x0651	삭
0x0852	0x0652	삯
0x0853	0x0653	산
0x0854	0x0654	삳
0x0855	0x0655	살
0x0856	0x0656	삵
0x0857	0x0657	삶
0x0858	0x0658	삼
0x0859	0x0659	삽
0x085a	0x065a	삿
0x085b	0x065b	샀
0x085c	0x065c	상
0x085d	0x065d	샅
0x085e	0x065e	새
0x085f	0x065f	색
0x0860	0x0660	샌
0x0861	0x0661	샐
0x0862	0x0662	샘
0x0863	0x0663	샙
0x0864	0x0664	샛
0x0865	0x0665	샜
0x0866	0x0666	생
0x0867	0x0667	샤
0x0868	0x0668	샥
0x0869	0x0669	샨
0x086a	0x066a	샬
0x086b	0x066b	샴
0x086c	0x066c	샵
0x086d	0x066d	샷
0x086e	0x066e	샹
0x086f	0x066f	섀
0x0870	0x0670	섄
0x0871	0x0671	섈
0x0872	0x0672	섐
0x0873	0x0673	섕
0x0874	0x0674	서
0x0875	0x0675	석
0x0876	0x0676	섞
0x0877	0x0677	섟
0x0878	0x0678	선
0x0879	0x0679	섣
0x087a	0x067a	설
0x087b	0x067b	섦
0x087c	0x067c	섧
0x087d	0x067d	섬
0x087e	0x067e	섭
0x087f	0x067f	섯
0x0880	0x0680	섰
0x0881	0x0681	성
0x0882	0x0682	섶
0x0883	0x0683	세
0x0884	0x0684	섹
0x0885	0x0685	센
0x0886	0x0686	셀
0x0887	0x0687	셈
0x0888	0x0688	셉
0x0889	0x0689	셋
0x088a	0x068a	셌
0x088b	0x068b	셍
0x088c	0x068c	셔
0x088d	0x068d	셕
0x088e	0x068e	션
0x088f	0x068f	셜
0x0890	0x0690	셤
0x0891	0x0691	셥
0x0892	0x0692	셧
0x0893	0x0693	셨
0x0894	0x0694	셩
0x0895	0x0695	셰
0x0896	0x0696	셴
0x0897	0x0697	셸
0x0898	0x0698	솅
0x0899	0x0699	소
0x089a	0x069a	속
0x089b	0x069b	솎
0x089c	0x069c	손
0x089d	0x069d	솔
0x089e	0x069e	솖
0x089f	0x069f	솜
0x08a0	0x06a0	솝
0x08a1	0x06a1	솟
0x08a2	0x06a2	송
0x08a3	0x06a3	솥
0x08a4	0x06a4	솨
0x08a5	0x06a5	솩
0x08a6	0x06a6	솬
0x08a7	0x06a7	솰
0x08a8	0x06a8	솽
0x08a9	0x06a9	쇄
0x08aa	0x06aa	쇈
0x08ab	0x06ab	쇌
0x08ac	0x06ac	쇔
0x08ad	0x06ad	쇗
0x08ae	0x06ae	쇘
0x08af	0x06af	쇠
0x08b0	0x06b0	쇤
0x08b1	0x06b1	쇨
0x08b2	0x06b2	쇰
0x08b3	0x06b3	쇱
0x08b4	0x06b4	쇳
0x08b5	0x06b5	쇼
0x08b6	0x06b6	쇽
0x08b7	0x06b7	숀
0x08b8	0x06b8	숄
0x08b9	0x06b9	숌
0x08ba	0x06ba	숍
0x08bb	0x06bb	숏
0x08bc	0x06bc	숑
0x08bd	0x06bd	수
0x08be	0x06be	숙
0x08bf	0x06bf	순
0x08c0	0x06c0	숟
0x08c1	0x06c1	술
0x08c2	0x06c2	숨
0x08c3	0x06c3	숩
0x08c4	0x06c4	숫
0x08c5	0x06c5	숭
0x08c6	0x06c6	숯
0x08c7	0x06c7	숱
0x08c8	0x06c8	숲
0x08c9	0x06c9	숴
0x08ca	0x06ca	쉈
0x08cb	0x06cb	쉐
0x08cc	0x06cc	쉑
0x08cd	0x06cd	쉔
0x08ce	0x06ce	쉘
0x08cf	0x06cf	쉠
0x08d0	0x06d0	쉥
0x08d1	0x06d1	쉬
0x08d2	0x06d2	쉭
0x08d3	0x06d3	쉰
0x08d4	0x06d4	쉴
0x08d5	0x06d5	쉼
0x08d6	0x06d6	쉽
0x08d7	0x06d7	쉿
0x08d8	0x06d8	슁
0x08d9	0x06d9	슈
0x08da	0x06da	슉
0x08db	0x06db	슐
0x08dc	0x06dc	슘
0x08dd	0x06dd	슛
0x08de	0x06de	슝
0x08df	0x06df	스
0x08e0	0x06e0	슥
0x08e1	0x06e1	슨
0x08e2	0x06e2	슬
0x08e3	0x06e3	슭
0x08e4	0x06e4	슴
0x08e5	0x06e5	습
0x08e6	0x06e6	슷
0x08e7	0x06e7	승
0x08e8	0x06e8	시
0x08e9	0x06e9	식
0x08ea	0x06ea	신
0x08eb	0x06eb	싣
0x08ec	0x06ec	실
0x08ed	0x06ed	싫
0x08ee	0x06ee	심
0x08ef	0x06ef	십
0x08f0	0x06f0	싯
0x08f1	0x06f1	싱
0x08f2	0x06f2	싶
0x08f3	0x06f3	싸
0x08f4	0x06f4	싹
0x08f5	0x06f5	싻
0x08f6	0x06f6	싼
0x08f7	0x06f7	쌀
0x08f8	0x06f8	쌈
0x08f9	0x06f9	쌉
0x08fa	0x06fa	쌌
0x08fb	0x06fb	쌍
0x08fc	0x06fc	쌓
0x08fd	0x06fd	쌔
0x08fe	0x06fe	쌕
0x08ff	0x06ff	쌘
0x0900	0x0700	쌜
0x0901	0x0701	쌤
0x0902	0x0702	쌥
0x0903	0x0703	쌨
0x0904	0x0704	쌩
0x0905	0x0705	썅
0x0906	0x0706	써
0x0907	0x0707	썩
0x0908	0x0708	썬
0x0909	0x0709	썰
0x090a	0x070a	썲
0x090b	0x070b	썸
0x090c	0x070c	썹
0x090d	0x070d	썼
0x090e	0x070e	썽
0x090f	0x070f	쎄
0x0910	0x0710	쎈
0x0911	0x0711	쎌
0x0912	0x0712	쏀
0x0913	0x0713	쏘
0x0914	0x0714	쏙
0x0915	0x0715	쏜
0x0916	0x0716	쏟
0x0917	0x0717	쏠
0x0918	0x0718	쏢
0x0919	0x0719	쏨
0x091a	0x071a	쏩
0x091b	0x071b	쏭
0x091c	0x071c	쏴
0x091d	0x071d	쏵
0x091e	0x071e	쏸
0x091f	0x071f	쐈
0x0920	0x0720	쐐
0x0921	0x0721	쐤
0x0922	0x0722	쐬
0x0923	0x0723	쐰
0x0924	0x0724	쐴
0x0925	0x0725	쐼
0x0926	0x0726	쐽
0x0927	0x0727	쑈
0x0928	0x0728	쑤
0x0929	0x0729	쑥
0x092a	0x072a	쑨
0x092b	0x072b	쑬
0x092c	0x072c	쑴
0x092d	0x072d	쑵
0x092e	0x072e	쑹
0x092f	0x072f	쒀
0x0930	0x0730	쒔
0x0931	0x0731	쒜
0x0932	0x0732	쒸
0x0933	0x0733	쒼
0x0934	0x0734	쓩
0x0935	0x0735	쓰
0x0936	0x0736	쓱
0x0937	0x0737	쓴
0x0938	0x0738	쓸
0x0939	0x0739	쓺
0x093a	0x073a	쓿
0x093b	0x073b	씀
0x093c	0x073c	씁
0x093d	0x073d	씌
0x093e	0x073e	씐
0x093f	0x073f	씔
0x0940	0x0740	씜
0x0941	0x0741	씨
0x0942	0x0742	씩
0x0943	0x0743	씬
0x0944	0x0744	씰
0x0945	0x0745	씸
0x0946	0x0746	씹
0x0947	0x0747	씻
0x0948	0x0748	씽
0x0949	0x0749	아
0x094a	0x074a	악
0x094b	0x074b	안
0x094c	0x074c	앉
0x094d	0x074d	않
0x094e	0x074e	알
0x094f	0x074f	앍
0x0950	0x0750	앎
0x0951	0x0751	앓
0x0952	0x0752	암
0x0953	0x0753	압
0x0954	0x0754	앗
0x0955	0x0755	았
0x0956	0x0756	앙
0x0957	0x0757	앝
0x0958	0x0758	앞
0x0959	0x0759	애
0x095a	0x075a	액
0x095b	0x075b	앤
0x095c	0x075c	앨
0x095d	0x075d	앰
0x095e	0x075e	앱
0x095f	0x075f	앳
0x0960	0x0760	앴
0x0961	0x0761	앵
0x0962	0x0762	야
0x0963	0x0763	약
0x0964	0x0764	얀
0x0965	0x0765	얄
0x0966	0x0766	얇
0x0967	0x0767	얌
0x0968	0x0768	얍
0x0969	0x0769	얏
0x096a	0x076a	양
0x096b	0x076b	얕
0x096c	0x076c	얗
0x096d	0x076d	얘
0x096e	0x076e	얜
0x096f	0x076f	얠
0x0970	0x0770	얩
0x0971	0x0771	어
0x0972	0x0772	억
0x0973	0x0773	언
0x0974	0x0774	얹
0x0975	0x0775	얻
0x0976	0x0776	얼
0x0977	0x0777	얽
0x0978	0x0778	얾
0x0979	0x0779	엄
0x097a	0x077a	업
0x097b	0x077b	없
0x097c	0x077c	엇
0x097d	0x077d	었
0x097e	0x077e	엉
0x097f	0x077f	엊
0x0980	0x0780	엌
0x0981	0x0781	엎
0x0982	0x0782	에
0x0983	0x0783	엑
0x0984	0x0784	엔
0x0985	0x0785	엘
0x0986	0x0786	엠
0x0987	0x0787	엡
0x0988	0x0788	엣
0x0989	0x0789	엥
0x098a	0x078a	여
0x098b	0x078b	역
0x098c	0x078c	엮
0x098d	0x078d	연
0x098e	0x078e	열
0x098f	0x078f	엶
0x0990	0x0790	엷
0x0991	0x0791	염
0x0992	0x0792	엽
0x0993	0x0793	엾
0x0994	0x0794	엿
0x0995	0x0795	였
0x0996	0x0796	영
0x0997	0x0797	옅
0x0998	0x0798	옆
0x0999	0x0799	옇
0x099a	0x079a	예
0x099b	0x079b	옌
0x099c	0x079c	옐
0x099d	0x079d	옘
0x099e	0x079e	옙
0x099f	0x079f	옛
0x09a0	0x07a0	옜
0x09a1	0x07a1	오
0x09a2	0x07a2	옥
0x09a3	0x07a3	온
0x09a4	0x07a4	올
0x09a5	0x07a5	옭
0x09a6	0x07a6	옮
0x09a7	0x07a7	옰
0x09a8	0x07a8	옳
0x09a9	0x07a9	옴
0x09aa	0x07aa	옵
0x09ab	0x07ab	옷
0x09ac	0x07ac	옹
0x09ad	0x07ad	옻
0x09ae	0x07ae	와
0x09af	0x07af	왁
0x09b0	0x07b0	완
0x09b1	0x07b1	왈
0x09b2	0x07b2	왐
0x09b3	0x07b3	왑
0x09b4	0x07b4	왓
0x09b5	0x07b5	왔
0x09b6	0x07b6	왕
0x09b7	0x07b7	왜
0x09b8	0x07b8	왝
0x09b9	0x07b9	왠
0x09ba	0x07ba	왬
0x09bb	0x07bb	왯
0x09bc	0x07bc	왱
0x09bd	0x07bd	외
0x09be	0x07be	왹
0x09bf	0x07bf	왼
0x09c0	0x07c0	욀
0x09c1	0x07c1	욈
0x09c2	0x07c2	욉
0x09c3	0x07c3	욋
0x09c4	0x07c4	욍
0x09c5	0x07c5	요
0x09c6	0x07c6	욕
0x09c7	0x07c7	욘
0x09c8	0x07c8	욜
0x09c9	0x07c9	욤
0x09ca	0x07ca	욥
0x09cb	0x07cb	욧
0x09cc	0x07cc	용
0x09cd	0x07cd	우
0x09ce	0x07ce	욱
0x09cf	0x07cf	운
0x09d0	0x07d0	울
0x09d1	0x07d1	욹
0x09d2	0x07d2	욺
0x09d3	0x07d3	움
0x09d4	0x07d4	웁
0x09d5	0x07d5	웃
0x09d6	0x07d6	웅
0x09d7	0x07d7	워
0x09d8	0x07d8	웍
0x09d9	0x07d9	원
0x09da	0x07da	월
0x09db	0x07db	웜
0x09dc	0x07dc	웝
0x09dd	0x07dd	웠
0x09de	0x07de	웡
0x09df	0x07df	웨
0x09e0	0x07e0	웩
0x09e1	0x07e1	웬
0x09e2	0x07e2	웰
0x09e3	0x07e3	웸
0x09e4	0x07e4	웹
0x09e5	0x07e5	웽
0x09e6	0x07e6	위
0x09e7	0x07e7	윅
0x09e8	0x07e8	윈
0x09e9	0x07e9	윌
0x09ea	0x07ea	윔
0x09eb	0x07eb	윕
0x09ec	0x07ec	윗
0x09ed	0x07ed	윙
0x09ee	0x07ee	유
0x09ef	0x07ef	육
0x09f0	0x07f0	윤
0x09f1	0x07f1	율
0x09f2	0x07f2	윰
0x09f3	0x07f3	윱
0x09f4	0x07f4	윳
0x09f5	0x07f5	융
0x09f6	0x07f6	윷
0x09f7	0x07f7	으
0x09f8	0x07f8	윽
0x09f9	0x07f9	은
0x09fa	0x07fa	을
0x09fb	0x07fb	읊
0x09fc	0x07fc	음
0x09fd	0x07fd	읍
0x09fe	0x07fe	읏
0x09ff	0x07ff	응
0x0a00	0x0800	읒
0x0a01	0x0801	읓
0x0a02	0x0802	읔
0x0a03	0x0803	읕
0x0a04	0x0804	읖
0x0a05	0x0805	읗
0x0a06	0x0806	의
0x0a07	0x0807	읜
0x0a08	0x0808	읠
0x0a09	0x0809	읨
0x0a0a	0x080a	읫
0x0a0b	0x080b	이
0x0a0c	0x080c	익
0x0a0d	0x080d	인
0x0a0e	0x080e	일
0x0a0f	0x080f	읽
0x0a10	0x0810	읾
0x0a11	0x0811	잃
0x0a12	0x0812	임
0x0a13	0x0813	입
0x0a14	0x0814	잇
0x0a15	0x0815	있
0x0a16	0x0816	잉
0x0a17	0x0817	잊
0x0a18	0x0818	잎
0x0a19	0x0819	자
0x0a1a	0x081a	작
0x0a1b	0x081b	잔
0x0a1c	0x081c	잖
0x0a1d	0x081d	잗
0x0a1e	0x081e	잘
0x0a1f	0x081f	잚
0x0a20	0x0820	잠
0x0a21	0x0821	잡
0x0a22	0x0822	잣
0x0a23	0x0823	잤
0x0a24	0x0824	장
0x0a25	0x0825	잦
0x0a26	0x0826	재
0x0a27	0x0827	잭
0x0a28	0x0828	잰
0x0a29	0x0829	잴
0x0a2a	0x082a	잼
0x0a2b	0x082b	잽
0x0a2c	0x082c	잿
0x0a2d	0x082d	쟀
0x0a2e	0x082e	쟁
0x0a2f	0x082f	쟈
0x0a30	0x0830	쟉
0x0a31	0x0831	쟌
0x0a32	0x0832	쟎
0x0a33	0x0833	쟐
0x0a34	0x0834	쟘
0x0a35	0x0835	쟝
0x0a36	0x0836	쟤
0x0a37	0x0837	쟨
0x0a38	0x0838	쟬
0x0a39	0x0839	저
0x0a3a	0x083a	적
0x0a3b	0x083b	전
0x0a3c	0x083c	절
0x0a3d	0x083d	젊
0x0a3e	0x083e	점
0x0a3f	0x083f	접
0x0a40	0x0840	젓
0x0a41	0x0841	정
0x0a42	0x0842	젖
0x0a43	0x0843	제
0x0a44	0x0844	젝
0x0a45	0x0845	젠
0x0a46	0x0846	젤
0x0a47	0x0847	젬
0x0a48	0x0848	젭
0x0a49	0x0849	젯
0x0a4a	0x084a	젱
0x0a4b	0x084b	져
0x0a4c	0x084c	젼
0x0a4d	0x084d	졀
0x0a4e	0x084e	졈
0x0a4f	0x084f	졉
0x0a50	0x0850	졌
0x0a51	0x0851	졍
0x0a52	0x0852	졔
0x0a53	0x0853	조
0x0a54	0x0854	족
0x0a55	0x0855	존
0x0a56	0x0856	졸
0x0a57	0x0857	졺
0x0a58	0x0858	좀
0x0a59	0x0859	좁
0x0a5a	0x085a	좃
0x0a5b	0x085b	종
0x0a5c	0x085c	좆
0x0a5d	0x085d	좇
0x0a5e	0x085e	좋
0x0a5f	0x085f	좌
0x0a60	0x0860	좍
0x0a61	0x0861	좔
0x0a62	0x0862	좝
0x0a63	0x0863	좟
0x0a64	0x0864	좡
0x0a65	0x0865	좨
0x0a66	0x0866	좼
0x0a67	0x0867	좽
0x0a68	0x0868	죄
0x0a69	0x0869	죈
0x0a6a	0x086a	죌
0x0a6b	0x086b	죔
0x0a6c	0x086c	죕
0x0a6d	0x086d	죗
0x0a6e	0x086e	죙
0x0a6f	0x086f	죠
0x0a70	0x0870	죡
0x0a71	0x0871	죤
0x0a72	0x0872	죵
0x0a73	0x0873	주
0x0a74	0x0874	죽
0x0a75	0x0875	준
0x0a76	0x0876	줄
0x0a77	0x0877	줅
0x0a78	0x0878	줆
0x0a79	0x0879	줌
0x0a7a	0x087a	줍
0x0a7b	0x087b	줏
0x0a7c	0x087c	중
0x0a7d	0x087d	줘
0x0a7e	0x087e	줬
0x0a7f	0x087f	줴
0x0a80	0x0880	쥐
0x0a81	0x0881	쥑
0x0a82	0x0882	쥔
0x0a83	0x0883	쥘
0x0a84	0x0884	쥠
0x0a85	0x0885	쥡
0x0a86	0x0886	쥣
0x0a87	0x0887	쥬
0x0a88	0x0888	쥰
0x0a89	0x0889	쥴
0x0a8a	0x088a	쥼
0x0a8b	0x088b	즈
0x0a8c	0x088c	즉
0x0a8d	0x088d	즌
0x0a8e	0x088e	즐
0x0a8f	0x088f	즘
0x0a90	0x0890	즙
0x0a91	0x0891	즛
0x0a92	0x0892	증
0x0a93	0x0893	지
0x0a94	0x0894	직
0x0a95	0x0895	진
0x0a96	0x0896	짇
0x0a97	0x0897	질
0x0a98	0x0898	짊
0x0a99	0x0899	짐
0x0a9a	0x089a	집
0x0a9b	0x089b	짓
0x0a9c	0x089c	징
0x0a9d	0x089d	짖
0x0a9e	0x089e	짙
0x0a9f	0x089f	짚
0x0aa0	0x08a0	짜
0x0aa1	0x08a1	짝
0x0aa2	0x08a2	짠
0x0aa3	0x08a3	짢
0x0aa4	0x08a4	짤
0x0aa5	0x08a5	짧
0x0aa6	0x08a6	짬
0x0aa7	0x08a7	짭
0x0aa8	0x08a8	짯
0x0aa9	0x08a9	짰
0x0aaa	0x08aa	짱
0x0aab	0x08ab	째
0x0aac	0x08ac	짹
0x0aad	0x08ad	짼
0x0aae	0x08ae	쨀
0x0aaf	0x08af	쨈
0x0ab0	0x08b0	쨉
0x0ab1	0x08b1	쨋
0x0ab2	0x08b2	쨌
0x0ab3	0x08b3	쨍
0x0ab4	0x08b4	쨔
0x0ab5	0x08b5	쨘
0x0ab6	0x08b6	쨩
0x0ab7	0x08b7	쩌
0x0ab8	0x08b8	쩍
0x0ab9	0x08b9	쩐
0x0aba	0x08ba	쩔
0x0abb	0x08bb	쩜
0x0abc	0x08bc	쩝
0x0abd	0x08bd	쩟
0x0abe	0x08be	쩠
0x0abf	0x08bf	쩡
0x0ac0	0x08c0	쩨
0x0ac1	0x08c1	쩽
0x0ac2	0x08c2	쪄
0x0ac3	0x08c3	쪘
0x0ac4	0x08c4	쪼
0x0ac5	0x08c5	쪽
0x0ac6	0x08c6	쫀
0x0ac7	0x08c7	쫄
0x0ac8	0x08c8	쫌
0x0ac9	0x08c9	쫍
0x0aca	0x08ca	쫏
0x0acb	0x08cb	쫑
0x0acc	0x08cc	쫓
0x0acd	0x08cd	쫘
0x0ace	0x08ce	쫙
0x0acf	0x08cf	쫠
0x0ad0	0x08d0	쫬
0x0ad1	0x08d1	쫴
0x0ad2	0x08d2	쬈
0x0ad3	0x08d3	쬐
0x0ad4	0x08d4	쬔
0x0ad5	0x08d5	쬘
0x0ad6	0x08d6	쬠
0x0ad7	0x08d7	쬡
0x0ad8	0x08d8	쭁
0x0ad9	0x08d9	쭈
0x0ada	0x08da	쭉
0x0adb	0x08db	쭌
0x0adc	0x08dc	쭐
0x0add	0x08dd	쭘
0x0ade	0x08de	쭙
0x0adf	0x08df	쭝
0x0ae0	0x08e0	쭤
0x0ae1	0x08e1	쭸
0x0ae2	0x08e2	쭹
0x0ae3	0x08e3	쮜
0x0ae4	0x08e4	쮸
0x0ae5	0x08e5	쯔
0x0ae6	0x08e6	쯤
0x0ae7	0x08e7	쯧
0x0ae8	0x08e8	쯩
0x0ae9	0x08e9	찌
0x0aea	0x08ea	찍
0x0aeb	0x08eb	찐
0x0aec	0x08ec	찔
0x0aed	0x08ed	찜
0x0aee	0x08ee	찝
0x0aef	0x08ef	찡
0x0af0	0x08f0	찢
0x0af1	0x08f1	찧
0x0af2	0x08f2	차
0x0af3	0x08f3	착
0x0af4	0x08f4	찬
0x0af5	0x08f5	찮
0x0af6	0x08f6	찰
0x0af7	0x08f7	참
0x0af8	0x08f8	찹
0x0af9	0x08f9	찻
0x0afa	0x08fa	찼
0x0afb	0x08fb	창
0x0afc	0x08fc	찾
0x0afd	0x08fd	채
0x0afe	0x08fe	책
0x0aff	0x08ff	챈
0x0b00	0x0900	챌
0x0b01	0x0901	챔
0x0b02	0x0902	챕
0x0b03	0x0903	챗
0x0b04	0x0904	챘
0x0b05	0x0905	챙
0x0b06	0x0906	챠
0x0b07	0x0907	챤
0x0b08	0x0908	챦
0x0b09	0x0909	챨
0x0b0a	0x090a	챰
0x0b0b	0x090b	챵
0x0b0c	0x090c	처
0x0b0d	0x090d	척
0x0b0e	0x090e	천
0x0b0f	0x090f	철
0x0b10	0x0910	첨
0x0b11	0x0911	첩
0x0b12	0x0912	첫
0x0b13	0x0913	첬
0x0b14	0x0914	청
0x0b15	0x0915	체
0x0b16	0x0916	첵
0x0b17	0x0917	첸
0x0b18	0x0918	첼
0x0b19	0x0919	쳄
0x0b1a	0x091a	쳅
0x0b1b	0x091b	쳇
0x0b1c	0x091c	쳉
0x0b1d	0x091d	쳐
0x0b1e	0x091e	쳔
0x0b1f	0x091f	쳤
0x0b20	0x0920	쳬
0x0b21	0x0921	쳰
0x0b22	0x0922	촁
0x0b23	0x0923	초
0x0b24	0x0924	촉
0x0b25	0x0925	촌
0x0b26	0x0926	촐
0x0b27	0x0927	촘
0x0b28	0x0928	촙
0x0b29	0x0929	촛
0x0b2a	0x092a	총
0x0b2b	0x092b	촤
0x0b2c	0x092c	촨
0x0b2d	0x092d	촬
0x0b2e	0x092e	촹
0x0b2f	0x092f	최
0x0b30	0x0930	쵠
0x0b31	0x0931	쵤
0x0b32	0x0932	쵬
0x0b33	0x0933	쵭
0x0b34	0x0934	쵯
0x0b35	0x0935	쵱
0x0b36	0x0936	쵸
0x0b37	0x0937	춈
0x0b38	0x0938	추
0x0b39	0x0939	축
0x0b3a	0x093a	춘
0x0b3b	0x093b	출
0x0b3c	0x093c	춤
0x0b3d	0x093d	춥
0x0b3e	0x093e	춧
0x0b3f	0x093f	충
0x0b40	0x0940	춰
0x0b41	0x0941	췄
0x0b42	0x0942	췌
0x0b43	0x0943	췐
0x0b44	0x0944	취
0x0b45	0x0945	췬
0x0b46	0x0946	췰
0x0b47	0x0947	췸
0x0b48	0x0948	췹
0x0b49	0x0949	췻
0x0b4a	0x094a	췽
0x0b4b	0x094b	츄
0x0b4c	0x094c	츈
0x0b4d	0x094d	츌
0x0b4e	0x094e	츔
0x0b4f	0x094f	츙
0x0b50	0x0950	츠
0x0b51	0x0951	측
0x0b52	0x0952	츤
0x0b53	0x0953	츨
0x0b54	0x0954	츰
0x0b55	0x0955	츱
0x0b56	0x0956	츳
0x0b57	0x0957	층
0x0b58	0x0958	치
0x0b59	0x0959	칙
0x0b5a	0x095a	친
0x0b5b	0x095b	칟
0x0b5c	0x095c	칠
0x0b5d	0x095d	칡
0x0b5e	0x095e	침
0x0b5f	0x095f	칩
0x0b60	0x0960	칫
0x0b61	0x0961	칭
0x0b62	0x0962	카
0x0b63	0x0963	칵
0x0b64	0x0964	칸
0x0b65	0x0965	칼
0x0b66	0x0966	캄
0x0b67	0x0967	캅
0x0b68	0x0968	캇
0x0b69	0x0969	캉
0x0b6a	0x096a	캐
0x0b6b	0x096b	캑
0x0b6c	0x096c	캔
0x0b6d	0x096d	캘
0x0b6e	0x096e	캠
0x0b6f	0x096f	캡
0x0b70	0x0970	캣
0x0b71	0x0971	캤
0x0b72	0x0972	캥
0x0b73	0x0973	캬
0x0b74	0x0974	캭
0x0b75	0x0975	컁
0x0b76	0x0976	커
0x0b77	0x0977	컥
0x0b78	0x0978	컨
0x0b79	0x0979	컫
0x0b7a	0x097a	컬
0x0b7b	0x097b	컴
0x0b7c	0x097c	컵
0x0b7d	0x097d	컷
0x0b7e	0x097e	컸
0x0b7f	0x097f	컹
0x0b80	0x0980	케
0x0b81	0x0981	켁
0x0b82	0x0982	켄
0x0b83	0x0983	켈
0x0b84	0x0984	켐
0x0b85	0x0985	켑
0x0b86	0x0986	켓
0x0b87	0x0987	켕
0x0b88	0x0988	켜
0x0b89	0x0989	켠
0x0b8a	0x098a	켤
0x0b8b	0x098b	켬
0x0b8c	0x098c	켭
0x0b8d	0x098d	켯
0x0b8e	0x098e	켰
0x0b8f	0x098f	켱
0x0b90	0x0990	켸
0x0b91	0x0991	코
0x0b92	0x0992	콕
0x0b93	0x0993	콘
0x0b94	0x0994	콜
0x0b95	0x0995	콤
0x0b96	0x0996	콥
0x0b97	0x0997	콧
0x0b98	0x0998	콩
0x0b99	0x0999	콰
0x0b9a	0x099a	콱
0x0b9b	0x099b	콴
0x0b9c	0x099c	콸
0x0b9d	0x099d	쾀
0x0b9e	0x099e	쾅
0x0b9f	0x099f	쾌
0x0ba0	0x09a0	쾡
0x0ba1	0x09a1	쾨
0x0ba2	0x09a2	쾰
0x0ba3	0x09a3	쿄
0x0ba4	0x09a4	쿠
0x0ba5	0x09a5	쿡
0x0ba6	0x09a6	쿤
0x0ba7	0x09a7	쿨
0x0ba8	0x09a8	쿰
0x0ba9	0x09a9	쿱
0x0baa	0x09aa	쿳
0x0bab	0x09ab	쿵
0x0bac	0x09ac	쿼
0x0bad	0x09ad	퀀
0x0bae	0x09ae	퀄
0x0baf	0x09af	퀑
0x0bb0	0x09b0	퀘
0x0bb1	0x09b1	퀭
0x0bb2	0x09b2	퀴
0x0bb3	0x09b3	퀵
0x0bb4	0x09b4	퀸
0x0bb5	0x09b5	퀼
0x0bb6	0x09b6	큄
0x0bb7	0x09b7	큅
0x0bb8	0x09b8	큇
0x0bb9	0x09b9	큉
0x0bba	0x09ba	큐
0x0bbb	0x09bb	큔
0x0bbc	0x09bc	큘
0x0bbd	0x09bd	큠
0x0bbe	0x09be	크
0x0bbf	0x09bf	큭
0x0bc0	0x09c0	큰
0x0bc1	0x09c1	클
0x0bc2	0x09c2	큼
0x0bc3	0x09c3	큽
0x0bc4	0x09c4	킁
0x0bc5	0x09c5	키
0x0bc6	0x09c6	킥
0x0bc7	0x09c7	킨
0x0bc8	0x09c8	킬
0x0bc9	0x09c9	킴
0x0bca	0x09ca	킵
0x0bcb	0x09cb	킷
0x0bcc	0x09cc	킹
0x0bcd	0x09cd	타
0x0bce	0x09ce	탁
0x0bcf	0x09cf	탄
0x0bd0	0x09d0	탈
0x0bd1	0x09d1	탉
0x0bd2	0x09d2	탐
0x0bd3	0x09d3	탑
0x0bd4	0x09d4	탓
0x0bd5	0x09d5	탔
0x0bd6	0x09d6	탕
0x0bd7	0x09d7	태
0x0bd8	0x09d8	택
0x0bd9	0x09d9	탠
0x0bda	0x09da	탤
0x0bdb	0x09db	탬
0x0bdc	0x09dc	탭
0x0bdd	0x09dd	탯
0x0bde	0x09de	탰
0x0bdf	0x09df	탱
0x0be0	0x09e0	탸
0x0be1	0x09e1	턍
0x0be2	0x09e2	터
0x0be3	0x09e3	턱
0x0be4	0x09e4	턴
0x0be5	0x09e5	털
0x0be6	0x09e6	턺
0x0be7	0x09e7	텀
0x0be8	0x09e8	텁
0x0be9	0x09e9	텃
0x0bea	0x09ea	텄
0x0beb	0x09eb	텅
0x0bec	0x09ec	테
0x0bed	0x09ed	텍
0x0bee	0x09ee	텐
0x0bef	0x09ef	텔
0x0bf0	0x09f0	템
0x0bf1	0x09f1	텝
0x0bf2	0x09f2	텟
0x0bf3	0x09f3	텡
0x0bf4	0x09f4	텨
0x0bf5	0x09f5	텬
0x0bf6	0x09f6	텼
0x0bf7	0x09f7	톄
0x0bf8	0x09f8	톈
0x0bf9	0x09f9	토
0x0bfa	0x09fa	톡
0x0bfb	0x09fb	톤
0x0bfc	0x09fc	톨
0x0bfd	0x09fd	톰
0x0bfe	0x09fe	톱
0x0bff	0x09ff	톳
0x0c00	0x0a00	통
0x0c01	0x0a01	톺
0x0c02	0x0a02	톼
0x0c03	0x0a03	퇀
0x0c04	0x0a04	퇘
0x0c05	0x0a05	퇴
0x0c06	0x0a06	퇸
0x0c07	0x0a07	툇
0x0c08	0x0a08	툉
0x0c09	0x0a09	툐
0x0c0a	0x0a0a	투
0x0c0b	0x0a0b	툭
0x0c0c	0x0a0c	툰
0x0c0d	0x0a0d	툴
0x0c0e	0x0a0e	툼
0x0c0f	0x0a0f	툽
0x0c10	0x0a10	툿
0x0c11	0x0a11	퉁
0x0c12	0x0a12	퉈
0x0c13	0x0a13	퉜
0x0c14	0x0a14	퉤
0x0c15	0x0a15	튀
0x0c16	0x0a16	튁
0x0c17	0x0a17	튄
0x0c18	0x0a18	튈
0x0c19	0x0a19	튐
0x0c1a	0x0a1a	튑
0x0c1b	0x0a1b	튕
0x0c1c	0x0a1c	튜
0x0c1d	0x0a1d	튠
0x0c1e	0x0a1e	튤
0x0c1f	0x0a1f	튬
0x0c20	0x0a20	튱
0x0c21	0x0a21	트
0x0c22	0x0a22	특
0x0c23	0x0a23	튼
0x0c24	0x0a24	튿
0x0c25	0x0a25	틀
0x0c26	0x0a26	틂
0x0c27	0x0a27	틈
0x0c28	0x0a28	틉
0x0c29	0x0a29	틋
0x0c2a	0x0a2a	틔
0x0c2b	0x0a2b	틘
0x0c2c	0x0a2c	틜
0x0c2d	0x0a2d	틤
0x0c2e	0x0a2e	틥
0x0c2f	0x0a2f	티
0x0c30	0x0a30	틱
0x0c31	0x0a31	틴
0x0c32	0x0a32	틸
0x0c33	0x0a33	팀
0x0c34	0x0a34	팁
0x0c35	0x0a35	팃
0x0c36	0x0a36	팅
0x0c37	0x0a37	파
0x0c38	0x0a38	팍
0x0c39	0x0a39	팎
0x0c3a	0x0a3a	판
0x0c3b	0x0a3b	팔
0x0c3c	0x0a3c	팖
0x0c3d	0x0a3d	팜
0x0c3e	0x0a3e	팝
0x0c3f	0x0a3f	팟
0x0c40	0x0a40	팠
0x0c41	0x0a41	팡
0x0c42	0x0a42	팥
0x0c43	0x0a43	패
0x0c44	0x0a44	팩
0x0c45	0x0a45	팬
0x0c46	0x0a46	팰
0x0c47	0x0a47	팸
0x0c48	0x0a48	팹
0x0c49	0x0a49	팻
0x0c4a	0x0a4a	팼
0x0c4b	0x0a4b	팽
0x0c4c	0x0a4c	퍄
0x0c4d	0x0a4d	퍅
0x0c4e	0x0a4e	퍼
0x0c4f	0x0a4f	퍽
0x0c50	0x0a50	펀
0x0c51	0x0a51	펄
0x0c52	0x0a52	펌
0x0c53	0x0a53	펍
0x0c54	0x0a54	펏
0x0c55	0x0a55	펐
0x0c56	0x0a56	펑
0x0c57	0x0a57	페
0x0c58	0x0a58	펙
0x0c59	0x0a59	펜
0x0c5a	0x0a5a	펠
0x0c5b	0x0a5b	펨
0x0c5c	0x0a5c	펩
0x0c5d	0x0a5d	펫
0x0c5e	0x0a5e	펭
0x0c5f	0x0a5f	펴
0x0c60	0x0a60	편
0x0c61	0x0a61	펼
0x0c62	0x0a62	폄
0x0c63	0x0a63	폅
0x0c64	0x0a64	폈
0x0c65	0x0a65	평
0x0c66	0x0a66	폐
0x0c67	0x0a67	폘
0x0c68	0x0a68	폡
0x0c69	0x0a69	폣
0x0c6a	0x0a6a	포
0x0c6b	0x0a6b	폭
0x0c6c	0x0a6c	폰
0x0c6d	0x0a6d	폴
0x0c6e	0x0a6e	폼
0x0c6f	0x0a6f	폽
0x0c70	0x0a70	폿
0x0c71	0x0a71	퐁
0x0c72	0x0a72	퐈
0x0c73	0x0a73	퐝
0x0c74	0x0a74	푀
0x0c75	0x0a75	푄
0x0c76	0x0a76	표
0x0c77	0x0a77	푠
0x0c78	0x0a78	푤
0x0c79	0x0a79	푭
0x0c7a	0x0a7a	푯
0x0c7b	0x0a7b	푸
0x0c7c	0x0a7c	푹
0x0c7d	0x0a7d	푼
0x0c7e	0x0a7e	푿
0x0c7f	0x0a7f	풀
0x0c80	0x0a80	풂
0x0c81	0x0a81	품
0x0c82	0x0a82	풉
0x0c83	0x0a83	풋
0x0c84	0x0a84	풍
0x0c85	0x0a85	풔
0x0c86	0x0a86	풩
0x0c87	0x0a87	퓌
0x0c88	0x0a88	퓐
0x0c89	0x0a89	퓔
0x0c8a	0x0a8a	퓜
0x0c8b	0x0a8b	퓟
0x0c8c	0x0a8c	퓨
0x0c8d	0x0a8d	퓬
0x0c8e	0x0a8e	퓰
0x0c8f	0x0a8f	퓸
0x0c90	0x0a90	퓻
0x0c91	0x0a91	퓽
0x0c92	0x0a92	프
0x0c93	0x0a93	픈
0x0c94	0x0a94	플
0x0c95	0x0a95	픔
0x0c96	0x0a96	픕
0x0c97	0x0a97	픗
0x0c98	0x0a98	피
0x0c99	0x0a99	픽
0x0c9a	0x0a9a	핀
0x0c9b	0x0a9b	필
0x0c9c	0x0a9c	핌
0x0c9d	0x0a9d	핍
0x0c9e	0x0a9e	핏
0x0c9f	0x0a9f	핑
0x0ca0	0x0aa0	하
0x0ca1	0x0aa1	학
0x0ca2	0x0aa2	한
0x0ca3	0x0aa3	할
0x0ca4	0x0aa4	핥
0x0ca5	0x0aa5	함
0x0ca6	0x0aa6	합
0x0ca7	0x0aa7	핫
0x0ca8	0x0aa8	항
0x0ca9	0x0aa9	해
0x0caa	0x0aaa	핵
0x0cab	0x0aab	핸
0x0cac	0x0aac	핼
0x0cad	0x0aad	햄
0x0cae	0x0aae	햅
0x0caf	0x0aaf	햇
0x0cb0	0x0ab0	했
0x0cb1	0x0ab1	행
0x0cb2	0x0ab2	햐
0x0cb3	0x0ab3	향
0x0cb4	0x0ab4	허
0x0cb5	0x0ab5	헉
0x0cb6	0x0ab6	헌
0x0cb7	0x0ab7	헐
0x0cb8	0x0ab8	헒
0x0cb9	0x0ab9	험
0x0cba	0x0aba	헙
0x0cbb	0x0abb	헛
0x0cbc	0x0abc	헝
0x0cbd	0x0abd	헤
0x0cbe	0x0abe	헥
0x0cbf	0x0abf	헨
0x0cc0	0x0ac0	헬
0x0cc1	0x0ac1	헴
0x0cc2	0x0ac2	헵
0x0cc3	0x0ac3	헷
0x0cc4	0x0ac4	헹
0x0cc5	0x0ac5	혀
0x0cc6	0x0ac6	혁
0x0cc7	0x0ac7	현
0x0cc8	0x0ac8	혈
0x0cc9	0x0ac9	혐
0x0cca	0x0aca	협
0x0ccb	0x0acb	혓
0x0ccc	0x0acc	혔
0x0ccd	0x0acd	형
0x0cce	0x0ace	혜
0x0ccf	0x0acf	혠
0x0cd0	0x0ad0	혤
0x0cd1	0x0ad1	혭
0x0cd2	0x0ad2	호
0x0cd3	0x0ad3	혹
0x0cd4	0x0ad4	혼
0x0cd5	0x0ad5	홀
0x0cd6	0x0ad6	홅
0x0cd7	0x0ad7	홈
0x0cd8	0x0ad8	홉
0x0cd9	0x0ad9	홋
0x0cda	0x0ada	홍
0x0cdb	0x0adb	홑
0x0cdc	0x0adc	화
0x0cdd	0x0add	확
0x0cde	0x0ade	환
0x0cdf	0x0adf	활
0x0ce0	0x0ae0	홧
0x0ce1	0x0ae1	황
0x0ce2	0x0ae2	홰
0x0ce3	0x0ae3	홱
0x0ce4	0x0ae4	홴
0x0ce5	0x0ae5	횃
0x0ce6	0x0ae6	횅
0x0ce7	0x0ae7	회
0x0ce8	0x0ae8	획
0x0ce9	0x0ae9	횐
0x0cea	0x0aea	횔
0x0ceb	0x0aeb	횝
0x0cec	0x0aec	횟
0x0ced	0x0aed	횡
0x0cee	0x0aee	효
0x0cef	0x0aef	횬
0x0cf0	0x0af0	횰
0x0cf1	0x0af1	횹
0x0cf2	0x0af2	횻
0x0cf3	0x0af3	후
0x0cf4	0x0af4	훅
0x0cf5	0x0af5	훈
0x0cf6	0x0af6	훌
0x0cf7	0x0af7	훑
0x0cf8	0x0af8	훔
0x0cf9	0x0af9	훗
0x0cfa	0x0afa	훙
0x0cfb	0x0afb	훠
0x0cfc	0x0afc	훤
0x0cfd	0x0afd	훨
0x0cfe	0x0afe	훰
0x0cff	0x0aff	훵
0x0d00	0x0b00	훼
0x0d01	0x0b01	훽
0x0d02	0x0b02	휀
0x0d03	0x0b03	휄
0x0d04	0x0b04	휑
0x0d05	0x0b05	휘
0x0d06	0x0b06	휙
0x0d07	0x0b07	휜
0x0d08	0x0b08	휠
0x0d09	0x0b09	휨
0x0d0a	0x0b0a	휩
0x0d0b	0x0b0b	휫
0x0d0c	0x0b0c	휭
0x0d0d	0x0b0d	휴
0x0d0e	0x0b0e	휵
0x0d0f	0x0b0f	휸
0x0d10	0x0b10	휼
0x0d11	0x0b11	흄
0x0d12	0x0b12	흇
0x0d13	0x0b13	흉
0x0d14	0x0b14	흐
0x0d15	0x0b15	흑
0x0d16	0x0b16	흔
0x0d17	0x0b17	흖
0x0d18	0x0b18	흗
0x0d19	0x0b19	흘
0x0d1a	0x0b1a	흙
0x0d1b	0x0b1b	흠
0x0d1c	0x0b1c	흡
0x0d1d	0x0b1d	흣
0x0d1e	0x0b1e	흥
0x0d1f	0x0b1f	흩
0x0d20	0x0b20	희
0x0d21	0x0b21	흰
0x0d22	0x0b22	흴
0x0d23	0x0b23	흼
0x0d24	0x0b24	흽
0x0d25	0x0b25	힁
0x0d26	0x0b26	히
0x0d27	0x0b27	힉
0x0d28	0x0b28	힌
0x0d29	0x0b29	힐
0x0d2a	0x0b2a	힘
0x0d2b	0x0b2b	힙
0x0d2c	0x0b2c	힛
0x0d2d	0x0b2d	힝
